{"cameraMode":{"drawMode":0,"name":"Shaded","section":"Shading Mode"},"sceneLighting":false,"audioPlay":false,"sceneViewState":{"m_AlwaysRefresh":false,"showFog":true,"showSkybox":false,"showFlares":true,"showImageEffects":true,"showParticleSystems":true,"showVisualEffectGraphs":true,"m_FxEnabled":true},"in2DMode":false,"pivot":{"x":-0.10738912224769592,"y":-0.27937862277030947,"z":0.10555537045001984},"rotation":{"x":-0.009653165005147457,"y":0.9841277003288269,"z":-0.056461554020643237,"w":-0.1681254357099533},"size":2.0524795055389406,"orthographic":false}