{"cameraMode":{"drawMode":0,"name":"Shaded","section":"Shading Mode"},"sceneLighting":false,"audioPlay":false,"sceneViewState":{"m_AlwaysRefresh":false,"showFog":true,"showSkybox":false,"showFlares":true,"showImageEffects":true,"showParticleSystems":true,"showVisualEffectGraphs":true,"m_FxEnabled":true},"in2DMode":false,"pivot":{"x":0.37285855412483218,"y":2.5660181045532228,"z":-16.11225700378418},"rotation":{"x":-0.22621579468250276,"y":-0.21890905499458314,"z":0.05234663933515549,"w":-0.9478043913841248},"size":1.350000023841858,"orthographic":false}